SYMBOL,DATE,CLOSE,SMA_7D,SMA_30D,DBT_SCD_ID,DBT_UPDATED_AT,DBT_VALID_FROM,DBT_VALID_TO
AVGO,2025-03-03,186.047332764,,,be2776a12db1021cb06eac456df09d50,2025-11-19 19:42:48.261,2025-11-19 19:42:48.261,
AVGO,2025-03-04,186.156539917,,,2ffbaed259da84cd9d5356a76ebb3db1,2025-11-19 19:42:48.261,2025-11-19 19:42:48.261,
AVGO,2025-03-05,190.227615356,,,46c0ef3261e346dde590b04f64a02122,2025-11-19 19:42:48.261,2025-11-19 19:42:48.261,
AVGO,2025-03-06,178.183242798,,,1e3155802e240ed22ab6dc4b31a5ccd5,2025-11-19 19:42:48.261,2025-11-19 19:42:48.261,
AVGO,2025-03-07,193.583740234,,,ca78a5fdd7eae7baa663c2b4d85d610c,2025-11-19 19:42:48.261,2025-11-19 19:42:48.261,
AVGO,2025-03-10,183.14793396,,,49ccc9a092032c8a01826ab5dc44c6b6,2025-11-19 19:42:48.261,2025-11-19 19:42:48.261,
AVGO,2025-03-11,188.74810791,186.58493042,,0cfae7bdfa33fe68b07b799bb5a532ee,2025-11-19 19:42:48.261,2025-11-19 19:42:48.261,
AVGO,2025-03-12,192.858901978,187.558011736,,08fde9338e373b6ece44fe76258b2b41,2025-11-19 19:42:48.261,2025-11-19 19:42:48.261,
AVGO,2025-03-13,190.009155273,188.108385359,,7126ef2dd71728c3ff192993a5834723,2025-11-19 19:42:48.261,2025-11-19 19:42:48.261,
AVGO,2025-03-14,194.15965271,188.67010498,,08d02b3183aef3bb25ae33cc04e69a12,2025-11-19 19:42:48.261,2025-11-19 19:42:48.261,
AVGO,2025-03-17,193.126998901,190.804927281,,78e8200bd8b191c3cf87a77b6526014b,2025-11-19 19:42:48.261,2025-11-19 19:42:48.261,
AVGO,2025-03-18,187.338150024,189.912700108,,d3aadeb9f903379ad0b85d7cf9871226,2025-11-19 19:42:48.261,2025-11-19 19:42:48.261,
AVGO,2025-03-19,194.189437866,191.490057809,,f9391c340a8fb8441f929425b4e8e725,2025-11-19 19:42:48.261,2025-11-19 19:42:48.261,
AVGO,2025-03-20,189.767440796,191.635676793,,af73db4703b05491004c070c3ecdc2bd,2025-11-19 19:42:48.261,2025-11-19 19:42:48.261,
AVGO,2025-03-21,190.882904053,191.353391375,,e027e282756821ed544e935dc84d2199,2025-11-19 19:42:48.261,2025-11-19 19:42:48.261,
AVGO,2025-03-24,190.47454834,191.419876099,,85bc4facc93e06a29de32eeae49c10b3,2025-11-19 19:42:48.261,2025-11-19 19:42:48.261,
AVGO,2025-03-25,187.496688843,190.468024118,,ebbfdbe2975dcd80540b4f03ac6e934c,2025-11-19 19:42:48.261,2025-11-19 19:42:48.261,
AVGO,2025-03-26,178.543136597,188.384615217,,d525b5d434b1d6f70544712523224287,2025-11-19 19:42:48.261,2025-11-19 19:42:48.261,
AVGO,2025-03-27,171.292648315,186.092400687,,854e412e1aee10db006f18420b111194,2025-11-19 19:42:48.261,2025-11-19 19:42:48.261,
AVGO,2025-03-28,168.434280396,182.413092477,,fd50e2be900dbe31d029f3f218e26328,2025-11-19 19:42:48.261,2025-11-19 19:42:48.261,
AVGO,2025-03-31,166.75112915,179.125047956,,c77bfe9b1ed8145e94b708fd3992a9ca,2025-11-19 19:42:48.261,2025-11-19 19:42:48.261,
AVGO,2025-04-01,167.836715698,175.832735334,,4eccc4390eb08029f098129af30ef41a,2025-11-19 19:42:48.261,2025-11-19 19:42:48.261,
AVGO,2025-04-02,171.392242432,173.106691633,,2c12270e21069537952b976df6a00bb4,2025-11-19 19:42:48.261,2025-11-19 19:42:48.261,
AVGO,2025-04-03,153.385543823,168.233670916,,962ab27e0c601b8609ee4151a3d5aa4e,2025-11-19 19:42:48.261,2025-11-19 19:42:48.261,
AVGO,2025-04-04,145.696838379,163.541342599,,fae2dcdceb15b0298b60db4a978321a0,2025-11-19 19:42:48.261,2025-11-19 19:42:48.261,
AVGO,2025-04-07,153.515014648,161.001680647,,92986f824f0f156bb7caacab8cebf1eb,2025-11-19 19:42:48.261,2025-11-19 19:42:48.261,
AVGO,2025-04-08,155.397354126,159.139262608,,276b0565c3b4ff9c220e70a31a7eff35,2025-11-19 19:42:48.261,2025-11-19 19:42:48.261,
AVGO,2025-04-09,184.399291992,161.660428728,,d41a6a34c5bfef90a5fca05ed5bc2bf6,2025-11-19 19:42:48.261,2025-11-19 19:42:48.261,
AVGO,2025-04-10,171.601409912,162.198242188,,96858b7c0a6c7b7ca216123648321412,2025-11-19 19:42:48.261,2025-11-19 19:42:48.261,
AVGO,2025-04-11,181.202316284,163.599681309,179.528210449,39c769cbd48c4bd52dc8b16300d985a2,2025-11-19 19:42:48.261,2025-11-19 19:42:48.261,
AVGO,2025-04-14,177.636825562,167.064150129,179.247860209,1898b0811037a1307826705e0b48db5e,2025-11-19 19:42:48.261,2025-11-19 19:42:48.261,
AVGO,2025-04-15,178.22442627,171.710948399,178.983456421,8a55498c2f0d4ccb06822e9094c0f963,2025-11-19 19:42:48.261,2025-11-19 19:42:48.261,
AVGO,2025-04-16,173.902023315,174.623378209,178.43927002,a79614408e820cd44c302e73034bd799,2025-11-19 19:42:48.261,2025-11-19 19:42:48.261,
AVGO,2025-04-17,170.296707153,176.751857213,178.176385498,a9df51a9e4c7d0ceb9c4ca1daa86e8c5,2025-11-19 19:42:48.261,2025-11-19 19:42:48.261,
AVGO,2025-04-21,165.536102295,174.057115827,177.241464233,c5d24d62aa0511c0008d73b6b14d3d7a,2025-11-19 19:42:48.261,2025-11-19 19:42:48.261,
AVGO,2025-04-22,168.892425537,173.670118059,176.766280619,a9da79dae48e2e4b4df66b60acc5b0e5,2025-11-19 19:42:48.261,2025-11-19 19:42:48.261,
AVGO,2025-04-23,176.192703247,172.954459054,176.347767131,8998401fd3696becbd0380853c9c575d,2025-11-19 19:42:48.261,2025-11-19 19:42:48.261,
AVGO,2025-04-24,187.387115479,174.347357614,176.165374247,f7da64c70afb09e009ce53b5f9e0c79e,2025-11-19 19:42:48.261,2025-11-19 19:42:48.261,
AVGO,2025-04-25,191.530258179,176.248190744,176.216077677,7d361c41945fa2e0e79f50a5f04451ed,2025-11-19 19:42:48.261,2025-11-19 19:42:48.261,
AVGO,2025-04-28,191.689620972,178.789276123,176.133743286,6890d3f4b0b04ddd47c2134181443c1f,2025-11-19 19:42:48.261,2025-11-19 19:42:48.261,
AVGO,2025-04-29,190.394882202,181.660443987,176.042672729,aff94e96296660bea49e47835dea112a,2025-11-19 19:42:48.261,2025-11-19 19:42:48.261,
AVGO,2025-04-30,191.689620972,185.396660941,176.187721761,cfa4e3900714c51852a9871fc836d9e7,2025-11-19 19:42:48.261,2025-11-19 19:42:48.261,
AVGO,2025-05-01,196.529907227,189.344872611,176.265737406,a727801b8f246a19db120841ac74e932,2025-11-19 19:42:48.261,2025-11-19 19:42:48.261,
AVGO,2025-05-02,202.814331055,193.147962298,176.700633748,a0c293c6cba5fec6806e50ca5b013e57,2025-11-19 19:42:48.261,2025-11-19 19:42:48.261,
AVGO,2025-05-05,199.906158447,194.936397008,177.001408895,63b529eddad335a7b71053528c58e930,2025-11-19 19:42:48.261,2025-11-19 19:42:48.261,
AVGO,2025-05-06,199.278717041,196.043319702,177.294881185,c1b34927ff389a5845d5c6a3f36c6945,2025-11-19 19:42:48.261,2025-11-19 19:42:48.261,
AVGO,2025-05-07,203.97958374,197.799028669,177.844311015,7cf92db00fde22d156efcd3a10858a81,2025-11-19 19:42:48.261,2025-11-19 19:42:48.261,
AVGO,2025-05-08,206.927581787,200.160842896,178.790459188,9b2a3fb6631d29a3f8543f087c6d994e,2025-11-19 19:42:48.261,2025-11-19 19:42:48.261,
AVGO,2025-05-09,207.355834961,202.398873465,179.992565409,58ea3a23a8218db2b41ca045623510ac,2025-11-19 19:42:48.261,2025-11-19 19:42:48.261,
AVGO,2025-05-12,220.681594849,205.849114554,181.734142558,c505e8edf84f2d86478241ce0fcc9e4b,2025-11-19 19:42:48.261,2025-11-19 19:42:48.261,
AVGO,2025-05-13,231.477630615,209.943871634,183.891692607,8e9fc5e6c684e6fda51d4da93042adeb,2025-11-19 19:42:48.261,2025-11-19 19:42:48.261,
AVGO,2025-05-14,231.178848267,214.411398751,186.003097026,99f95dcf8e695df29cb18753d5641c0d,2025-11-19 19:42:48.261,2025-11-19 19:42:48.261,
AVGO,2025-05-15,231.696746826,219.042545864,188.013247172,817538983e3b983dcc5180fda7322e59,2025-11-19 19:42:48.261,2025-11-19 19:42:48.261,
AVGO,2025-05-16,227.683074951,222.428758894,190.489831543,c42d596747c62ceba7bc52d5bb257651,2025-11-19 19:42:48.261,2025-11-19 19:42:48.261,
AVGO,2025-05-19,229.694900513,225.681232997,193.289766947,76cae90d7db1ac0ffd0ea2e2e4dc0bcd,2025-11-19 19:42:48.261,2025-11-19 19:42:48.261,
AVGO,2025-05-20,230.740631104,229.021918161,195.863954163,a6bdfb36b86f99a546a62bc3109b6107,2025-11-19 19:42:48.261,2025-11-19 19:42:48.261,
AVGO,2025-05-21,228.798538208,230.181481498,198.310660299,1e3701e73294f151cd26fa94277d1adc,2025-11-19 19:42:48.261,2025-11-19 19:42:48.261,
AVGO,2025-05-22,229.595306396,229.912578038,199.817194112,310322b5b75ad43613115800ea3b1878,2025-11-19 19:42:48.261,2025-11-19 19:42:48.261,
AVGO,2025-05-23,227.792633057,229.428833008,201.690234884,dd478c97838df7347251d99139a649cc,2025-11-19 19:42:48.261,2025-11-19 19:42:48.261,
AVGO,2025-05-27,234.694534302,229.857088361,203.473308818,2525c8493979bb797d2a9fd06115381e,2025-11-19 19:42:48.261,2025-11-19 19:42:48.261,
AVGO,2025-05-28,238.459197998,231.396534511,205.500721232,c4c12113c298c36cb88cd4e16145239c,2025-11-19 19:42:48.261,2025-11-19 19:42:48.261,
AVGO,2025-05-29,240.98890686,233.009963989,207.592870585,72ba3fb0ca65b2dab9018a2c7f11e3ce,2025-11-19 19:42:48.261,2025-11-19 19:42:48.261,
AVGO,2025-05-30,241.088516235,234.488233294,209.832420349,e37df5b824539834a9f93308806f7ce8,2025-11-19 19:42:48.261,2025-11-19 19:42:48.261,
AVGO,2025-06-02,247.701599121,237.188670567,212.412583415,3cc1d91478af866f6ebae6e3b94bb62e,2025-11-19 19:42:48.261,2025-11-19 19:42:48.261,
AVGO,2025-06-03,255.80859375,240.933425903,215.421666463,03b860399d0fc61bfa1e05beb5e3458f,2025-11-19 19:42:48.261,2025-11-19 19:42:48.261,
AVGO,2025-06-04,260.02142334,245.537538801,218.459299723,cf81a0c9866ea704f52912b0ad1a1661,2025-11-19 19:42:48.261,2025-11-19 19:42:48.261,
AVGO,2025-06-05,258.876098633,248.992047991,221.215412903,c849cb2522c6e45e40248949a32a4df5,2025-11-19 19:42:48.261,2025-11-19 19:42:48.261,
AVGO,2025-06-06,245.92880249,250.059134347,223.16680247,13c68e0ec2fc8907c0f7b376b7acd8ac,2025-11-19 19:42:48.261,2025-11-19 19:42:48.261,
AVGO,2025-06-09,243.289550781,250.387797764,224.892112223,fd36a84d04b5384eeaf599e269ecca48,2025-11-19 19:42:48.261,2025-11-19 19:42:48.261,
AVGO,2025-06-10,243.638137817,250.752029419,226.623729451,f3b6080434dcb060604e02d1edf76167,2025-11-19 19:42:48.261,2025-11-19 19:42:48.261,
AVGO,2025-06-11,251.884567261,251.349596296,228.67338562,e1fdbe07a3e43dbcdc4442b2d2b6153c,2025-11-19 19:42:48.261,2025-11-19 19:42:48.261,
AVGO,2025-06-12,255.03175354,251.238619123,230.784790039,d718650f4a3a0d8eb6fe0829c74aee1d,2025-11-19 19:42:48.261,2025-11-19 19:42:48.261,
AVGO,2025-06-13,247.691619873,249.477218628,232.490180461,a61fc8a903d3ec791a928e34d2745c73,2025-11-19 19:42:48.261,2025-11-19 19:42:48.261,
AVGO,2025-06-16,251.077850342,248.363183158,234.098964437,7ac9941b8dfef5a5f5c19d6ed168b8bb,2025-11-19 19:42:48.261,2025-11-19 19:42:48.261,
AVGO,2025-06-17,248.358901978,248.710340227,235.714055888,02cc57d3bdd27fa8620877de00ef5e8c,2025-11-19 19:42:48.261,2025-11-19 19:42:48.261,
AVGO,2025-06-18,250.241226196,249.703436715,237.412806193,555a6edcc90af0f1d57db633d1d5c4bf,2025-11-19 19:42:48.261,2025-11-19 19:42:48.261,
AVGO,2025-06-20,249.562423706,250.549763271,238.932234192,b94b141593fbb5d4caf7d569e52b5fee,2025-11-19 19:42:48.261,2025-11-19 19:42:48.261,
AVGO,2025-06-23,253.335952759,250.757104056,240.479179891,ac80671bf736c346d7d16c8044f4617d,2025-11-19 19:42:48.261,2025-11-19 19:42:48.261,
AVGO,2025-06-24,263.318847656,251.940974644,242.344613647,5a87f43990d353e445048b64ad15b05c,2025-11-19 19:42:48.261,2025-11-19 19:42:48.261,
AVGO,2025-06-25,264.19732666,254.298932757,243.795138041,4df3e6b27ec781b03d5968f5a0a6e6dc,2025-11-19 19:42:48.261,2025-11-19 19:42:48.261,
AVGO,2025-06-26,269.70791626,256.960370745,245.069480896,ca52fe3c919ee93c75fcc55efbdf22b8,2025-11-19 19:42:48.261,2025-11-19 19:42:48.261,
AVGO,2025-06-27,268.889312744,259.893286569,246.326496379,a913939b6e602ca91b207f41d7770b6b,2025-11-19 19:42:48.261,2025-11-19 19:42:48.261,
AVGO,2025-06-30,275.178527832,263.455758231,247.775889079,0449d9aa5509d69f86ea2ebfba2da13c,2025-11-19 19:42:48.261,2025-11-19 19:42:48.261,
AVGO,2025-07-01,264.28717041,265.559293474,248.996025594,ebad2b2b7979feeb50d38082f4f09fd3,2025-11-19 19:42:48.261,2025-11-19 19:42:48.261,
AVGO,2025-07-02,269.438354492,267.859636579,250.320807393,02d57fe6438da1b54aa4c9c8b6aa30bc,2025-11-19 19:42:48.261,2025-11-19 19:42:48.261,
AVGO,2025-07-03,274.709320068,269.486846924,251.786430359,9e76ad958eaf9f449cb763bf3b11a7d8,2025-11-19 19:42:48.261,2025-11-19 19:42:48.261,
AVGO,2025-07-07,273.711029053,270.845947266,253.283513387,c8742cfb7a25468ccbf815872f85c8fb,2025-11-19 19:42:48.261,2025-11-19 19:42:48.261,
AVGO,2025-07-08,271.335083008,271.078399658,254.674839274,8cadc342cfe2c8a12a30438034f86a1d,2025-11-19 19:42:48.261,2025-11-19 19:42:48.261,
AVGO,2025-07-09,277.424682617,272.297738211,256.329240926,508f1cfd32881898ee6f8d2fa9f768c3,2025-11-19 19:42:48.261,2025-11-19 19:42:48.261,
AVGO,2025-07-10,274.928955078,272.262084961,257.670388285,524ced236ca7d090b1887c0c5f92242e,2025-11-19 19:42:48.261,2025-11-19 19:42:48.261,
AVGO,2025-07-11,273.910705566,273.636875698,258.852105204,47b35bd27d95cdf3092ef882509d80b1,2025-11-19 19:42:48.261,2025-11-19 19:42:48.261,
AVGO,2025-07-14,275.128601074,274.449768066,259.990095011,3df95e227d8cddf346bcdd6f44d55e5d,2025-11-19 19:42:48.261,2025-11-19 19:42:48.261,
AVGO,2025-07-15,280.459472656,275.271218436,261.302460225,cbf82b737c252001423c81c09a17bf77,2025-11-19 19:42:48.261,2025-11-19 19:42:48.261,
AVGO,2025-07-16,280.329681396,276.216740199,262.390062968,48ab5a00e94acce1a90e8ca873c0142e,2025-11-19 19:42:48.261,2025-11-19 19:42:48.261,
AVGO,2025-07-17,285.96005249,278.306021554,263.395111593,e2f5dff5666add28cd231880f29de35c,2025-11-19 19:42:48.261,2025-11-19 19:42:48.261,
AVGO,2025-07-18,282.855377197,279.081835066,264.156243388,5482aa9b470f8d896c5399b6a83d5814,2025-11-19 19:42:48.261,2025-11-19 19:42:48.261,
AVGO,2025-07-21,287.717041016,280.908704485,265.117608134,15a5598000cf8030a98bbbb78ec743b6,2025-11-19 19:42:48.261,2025-11-19 19:42:48.261,
AVGO,2025-07-22,278.113494873,281.509102958,266.190431213,98fdff49c7503230e3152725bc63ef1d,2025-11-19 19:42:48.261,2025-11-19 19:42:48.261,
AVGO,2025-07-23,283.204772949,282.662841797,267.520938619,bd67f7012c20ab3a21335bfb57c8c74b,2025-11-19 19:42:48.261,2025-11-19 19:42:48.261,
AVGO,2025-07-24,288.216186523,283.770943778,269.006873576,df725f2325b748bc2647d3548310ffd3,2025-11-19 19:42:48.261,2025-11-19 19:42:48.261,
AVGO,2025-07-25,289.683654785,285.107225691,270.26684316,91f18b8e34a073fc83eac0d25f33e069,2025-11-19 19:42:48.261,2025-11-19 19:42:48.261,
AVGO,2025-07-28,293.796600342,286.226732527,271.55900472,5e9345c855d86979e74f2e780c86fdce,2025-11-19 19:42:48.261,2025-11-19 19:42:48.261,
AVGO,2025-07-29,296.911315918,288.234723772,273.199661255,9223c199f7b8ca6b056f2216473cf28f,2025-11-19 19:42:48.261,2025-11-19 19:42:48.261,
AVGO,2025-07-30,302.102386475,290.289773124,274.900479126,0e29b853d8caba7a8c4b9abd7e3cc127,2025-11-19 19:42:48.261,2025-11-19 19:42:48.261,
AVGO,2025-07-31,293.197662354,292.444654192,276.395104472,0cf9bd9679e44512e501420a6e297c6a,2025-11-19 19:42:48.261,2025-11-19 19:42:48.261,
AVGO,2025-08-01,288.146331787,293.150591169,277.658607992,aa3ed9a107dccc332f320f23d238c5fb,2025-11-19 19:42:48.261,2025-11-19 19:42:48.261,
AVGO,2025-08-04,297.210784912,294.435533796,279.246886698,db8b219e04029113055da5966894117f,2025-11-19 19:42:48.261,2025-11-19 19:42:48.261,
AVGO,2025-08-05,292.428955078,294.827719552,280.549986776,0e5ca0f9fc147ebf589d40bb781f8e69,2025-11-19 19:42:48.261,2025-11-19 19:42:48.261,
AVGO,2025-08-06,301.154022217,295.87877982,281.811159261,8b85527d3294f6c81aa6b8895c56d7b7,2025-11-19 19:42:48.261,2025-11-19 19:42:48.261,
AVGO,2025-08-07,303.240447998,296.782941546,283.112596639,e54bd673f9cb91f88002acfcf121bd72,2025-11-19 19:42:48.261,2025-11-19 19:42:48.261,
AVGO,2025-08-08,304.448364258,297.118081229,284.270611572,34d47ab8ea4e4cfa15d658d20828c066,2025-11-19 19:42:48.261,2025-11-19 19:42:48.261,
AVGO,2025-08-11,303.380187988,298.572727748,285.420307414,4855a6eb2b0658ec5a39636a688be746,2025-11-19 19:42:48.261,2025-11-19 19:42:48.261,
AVGO,2025-08-12,312.294921875,302.022526332,286.657520549,6799ae4e3227f33cec564c1d3cc433b4,2025-11-19 19:42:48.261,2025-11-19 19:42:48.261,
AVGO,2025-08-13,308.561309814,303.64402989,288.133325195,070f52d18f77f7a1b6750db0162f3325,2025-11-19 19:42:48.261,2025-11-19 19:42:48.261,
AVGO,2025-08-14,310.697692871,306.253849574,289.508636475,7ebaba5048f76277dfa980660fc9de65,2025-11-19 19:42:48.261,2025-11-19 19:42:48.261,
AVGO,2025-08-15,305.816040039,306.919852121,290.54552714,e9cb8ed2ba05ce2fd7746d93b17f9d45,2025-11-19 19:42:48.261,2025-11-19 19:42:48.261,
AVGO,2025-08-18,305.237030029,307.205078125,291.59639384,9cd672af6ad82f0a98ef0169db8809d7,2025-11-19 19:42:48.261,2025-11-19 19:42:48.261,
AVGO,2025-08-19,294.405578613,305.770394461,292.36541036,f18f41528fc47d6b1c8d5ee845907c5a,2025-11-19 19:42:48.261,2025-11-19 19:42:48.261,
AVGO,2025-08-20,290.67199707,303.954938616,292.806987508,0733bc7a29b4cdc5d1c18a842cf5560c,2025-11-19 19:42:48.261,2025-11-19 19:42:48.261,
AVGO,2025-08-21,289.104675293,300.642046247,293.279511515,5e52e621047022956d4de615cb7ba61b,2025-11-19 19:42:48.261,2025-11-19 19:42:48.261,
AVGO,2025-08-22,293.497131348,298.490020752,293.932392375,b964a5bd32e2e2e409de3db27dfeeb92,2025-11-19 19:42:48.261,2025-11-19 19:42:48.261,
AVGO,2025-08-25,293.726745605,296.065599714,294.552330526,9f117fcc35585314af756045e2e272f7,2025-11-19 19:42:48.261,2025-11-19 19:42:48.261,
AVGO,2025-08-26,297.500274658,294.877633231,295.120357259,a1e48016869cb5ddcef68caba65025d1,2025-11-19 19:42:48.261,2025-11-19 19:42:48.261,
AVGO,2025-08-27,299.736450195,294.091836112,295.767249552,9d1d1468f4b3063a5a29e3c9490b66af,2025-11-19 19:42:48.261,2025-11-19 19:42:48.261,
AVGO,2025-08-28,308.122070312,296.051334926,296.50598348,269db2bcd4e09592c86996776535e99f,2025-11-19 19:42:48.261,2025-11-19 19:42:48.261,
AVGO,2025-08-29,296.881347656,296.93838501,296.973515828,db9fa7bd80c885bec72ee5e9329baeaa,2025-11-19 19:42:48.261,2025-11-19 19:42:48.261,
AVGO,2025-09-02,297.729888916,298.170558384,297.307277425,0cd473d86ea65b4170a38bc57b6d2f84,2025-11-19 19:42:48.261,2025-11-19 19:42:48.261,
AVGO,2025-09-03,301.872802734,299.367082868,298.099254354,fcac3611a0916a69b08f5ecb831decb8,2025-11-19 19:42:48.261,2025-11-19 19:42:48.261,
AVGO,2025-09-04,305.576446533,301.059897287,298.844976807,97d279e11a469446e3b8f288e79a43c8,2025-11-19 19:42:48.261,2025-11-19 19:42:48.261,
AVGO,2025-09-05,334.317199707,306.319458008,300.381677246,b89039c776f64045fb22cdfd31ec5284,2025-11-19 19:42:48.261,2025-11-19 19:42:48.261,
AVGO,2025-09-08,345.058776855,312.794076102,302.227514648,e16f029d44c4b86b66390a9e73691c67,2025-11-19 19:42:48.261,2025-11-19 19:42:48.261,
AVGO,2025-09-09,336.094177246,316.790091378,303.637433879,a300a5b8eb00e688f3746335ef61c139,2025-11-19 19:42:48.261,2025-11-19 19:42:48.261,
AVGO,2025-09-10,368.937896729,327.083884103,306.038319906,5bc574a05140dbb9b41b79b3369fb85c,2025-11-19 19:42:48.261,2025-11-19 19:42:48.261,
AVGO,2025-09-11,359.014892578,335.838884626,307.935403442,b8ecc63b8ee109d1e7b0a49d0acded77,2025-11-19 19:42:48.261,2025-11-19 19:42:48.261,
AVGO,2025-09-12,359.254455566,344.036263602,310.137296549,0b7d2a8dc72d2a927800223830e9f445,2025-11-19 19:42:48.261,2025-11-19 19:42:48.261,
AVGO,2025-09-15,363.467254639,352.306379046,312.647993978,061760c591ff49329c8bd259efa56950,2025-11-19 19:42:48.261,2025-11-19 19:42:48.261,
AVGO,2025-09-16,359.384246826,355.887385777,314.720442708,e6a86fff902b1b0ba776e1d8eef23221,2025-11-19 19:42:48.261,2025-11-19 19:42:48.261,
AVGO,2025-09-17,345.577911377,355.961547852,316.492074585,6c10f162fb9b570c506e3b2a85ce2292,2025-11-19 19:42:48.261,2025-11-19 19:42:48.261,
AVGO,2025-09-18,344.759307861,357.199423654,317.945584106,968b01ec7b2368c798e8a45da11b3be4,2025-11-19 19:42:48.261,2025-11-19 19:42:48.261,
AVGO,2025-09-19,344.350006104,353.68686785,319.31590271,ab24540d6c3d9d0586595a6c40b8cab4,2025-11-19 19:42:48.261,2025-11-19 19:42:48.261,
AVGO,2025-09-22,338.790008545,350.797598703,320.460624186,0162c90bcc2adb706428223d737fe4a3,2025-11-19 19:42:48.261,2025-11-19 19:42:48.261,
AVGO,2025-09-23,338.940002441,347.89553397,321.645951335,249faab98d58c434f5b80e9263ff6e95,2025-11-19 19:42:48.261,2025-11-19 19:42:48.261,
AVGO,2025-09-24,339.309997559,344.444497245,322.546453857,9af54bec14443a86b91e4ccf1e9c4e3c,2025-11-19 19:42:48.261,2025-11-19 19:42:48.261,
AVGO,2025-09-25,336.100006104,341.118177141,323.4644104,96da5eb3a45f075e80a0f31caaa357ec,2025-11-19 19:42:48.261,2025-11-19 19:42:48.261,
AVGO,2025-09-26,334.529998779,339.539903913,324.258820597,b347c8b0e5b37de913c184efeda98a70,2025-11-19 19:42:48.261,2025-11-19 19:42:48.261,
AVGO,2025-09-29,327.899993896,337.13143049,324.994952393,6279a58bbdd9c18a157780e48c85a2e2,2025-11-19 19:42:48.261,2025-11-19 19:42:48.261,
AVGO,2025-09-30,329.910003662,335.068572998,325.817384847,c249c36ed02363cfa4cdef9dcc7b7d8f,2025-11-19 19:42:48.261,2025-11-19 19:42:48.261,
AVGO,2025-10-01,333.390014648,334.297145299,327.116866048,9505a03a95d4e704de24e387dd7dd795,2025-11-19 19:42:48.261,2025-11-19 19:42:48.261,
AVGO,2025-10-02,338.179992676,334.188572475,328.700465902,1c0a026b05ed188bfc7877d46a070ae1,2025-11-19 19:42:48.261,2025-11-19 19:42:48.261,
AVGO,2025-10-03,338.369995117,334.054286412,330.342643229,25bcdd186e9217855aafca1e8afa265e,2025-11-19 19:42:48.261,2025-11-19 19:42:48.261,
AVGO,2025-10-06,335.489990234,333.967141288,331.742405192,685c4de97eac8847817bcabebd713504,2025-11-19 19:42:48.261,2025-11-19 19:42:48.261,
AVGO,2025-10-07,336.410003662,334.235713414,333.165180461,a95584eb97151cf7b3606aea61167afe,2025-11-19 19:42:48.261,2025-11-19 19:42:48.261,
AVGO,2025-10-08,345.5,336.75,334.765171305,787c2da337224c08c0cd9b4485521e91,2025-11-19 19:42:48.261,2025-11-19 19:42:48.261,
AVGO,2025-10-09,345.019989014,338.908569336,336.274622599,b6c51b62e578433a4757a8bcb2d7cb10,2025-11-19 19:42:48.261,2025-11-19 19:42:48.261,
AVGO,2025-10-10,324.630004883,337.657139369,336.824887085,55a453e8d5f9083e92afb4619ca24b4a,2025-11-19 19:42:48.261,2025-11-19 19:42:48.261,
AVGO,2025-10-13,356.700012207,340.302856445,338.81884257,a1190f85331b44269860446751b24623,2025-11-19 19:42:48.261,2025-11-19 19:42:48.261,
AVGO,2025-10-14,344.130004883,341.125714983,340.365513102,0941de318a2f82cb5b62e866894a9a49,2025-11-19 19:42:48.261,2025-11-19 19:42:48.261,
AVGO,2025-10-15,351.329986572,343.388571603,342.014085897,ddaf12a5ef532ef51b6cdccf4d7c9af8,2025-11-19 19:42:48.261,2025-11-19 19:42:48.261,
AVGO,2025-10-16,354.149993896,345.922855922,343.633204142,a7b877f6b151bf7b4a1dc2f9ce5e7623,2025-11-19 19:42:48.261,2025-11-19 19:42:48.261,
AVGO,2025-10-17,349.329986572,346.469996861,344.133630371,901bff184507a9fe68619cdb37a4f2e5,2025-11-19 19:42:48.261,2025-11-19 19:42:48.261,
AVGO,2025-10-20,349.239990234,347.072854178,344.27300415,f2555b5abe9e50ef1ddac10275823bab,2025-11-19 19:42:48.261,2025-11-19 19:42:48.261,
AVGO,2025-10-21,342.660003662,349.64856829,344.491865031,f8083b8606404e97d23508c4f848f744,2025-11-19 19:42:48.261,2025-11-19 19:42:48.261,
AVGO,2025-10-22,340.299987793,347.305707659,343.537268066,91fedbcc72263f986496f1e55f1397c1,2025-11-19 19:42:48.261,2025-11-19 19:42:48.261,
AVGO,2025-10-23,344.290008545,347.328565325,343.046438599,fadeaf8f2790f889b0c06ea015eca4f0,2025-11-19 19:42:48.261,2025-11-19 19:42:48.261,
AVGO,2025-10-24,354.130004883,347.728567941,342.875623576,3137b52640077857e5b214ea21ebf983,2025-11-19 19:42:48.261,2025-11-19 19:42:48.261,
AVGO,2025-10-27,362.049987793,348.857138497,342.828381348,7a015b7065f38fad4d57833710787e01,2025-11-19 19:42:48.261,2025-11-19 19:42:48.261,
AVGO,2025-10-28,372.970001221,352.234283447,343.281239827,cb696cca9452f8363d9e0299f10e5906,2025-11-19 19:42:48.261,2025-11-19 19:42:48.261,
AVGO,2025-10-29,385.980010986,357.48285784,344.627976481,25ba02c32ac516fa1220519a845f6002,2025-11-19 19:42:48.261,2025-11-19 19:42:48.261,
AVGO,2025-10-30,376.470001221,362.312857492,345.684999593,b23245ddf7b557da33efeb62157f3820,2025-11-19 19:42:48.261,2025-11-19 19:42:48.261,
AVGO,2025-10-31,369.630004883,366.502859933,346.527666219,e3d42235cc14239a1581fd33f086a0d2,2025-11-19 19:42:48.261,2025-11-19 19:42:48.261,
AVGO,2025-11-03,362.549987793,369.111428397,347.319665527,332f02ac94d5d659fdfbb842392f4fa8,2025-11-19 19:42:48.261,2025-11-19 19:42:48.261,
AVGO,2025-11-04,351.940002441,368.798570905,347.752998861,f253c82b80fc31c6b2db8fe04ada4055,2025-11-19 19:42:48.261,2025-11-19 19:42:48.261,
AVGO,2025-11-05,358.980010986,368.36000279,348.408665975,c1e2a992430a189b04cb9f40ee4f13d0,2025-11-19 19:42:48.261,2025-11-19 19:42:48.261,
AVGO,2025-11-06,355.589996338,365.87714495,349.058332316,38489d461733f8c974b887051e9da131,2025-11-19 19:42:48.261,2025-11-19 19:42:48.261,
AVGO,2025-11-07,349.429992676,360.655713763,349.554998779,ffe7172cabeb63e2f64ac7c649115389,2025-11-19 19:42:48.261,2025-11-19 19:42:48.261,
AVGO,2025-11-10,358.390014648,358.072858538,350.571332804,28621bdf2a8b66261dc6c29f5a34cc04,2025-11-19 19:42:48.261,2025-11-19 19:42:48.261,
AVGO,2025-11-11,351.959991455,355.548570905,351.306332397,ea8b9081f192e03789db2816db84bd69,2025-11-19 19:42:48.261,2025-11-19 19:42:48.261,
AVGO,2025-11-12,355.220001221,354.501429967,352.033998617,db7202f9417dce67c2a197c0baf48f29,2025-11-19 19:42:48.261,2025-11-19 19:42:48.261,
AVGO,2025-11-13,339.980010986,352.792859759,352.093999227,54699bd372f1d18f9e2c923c7c819bef,2025-11-19 19:42:48.261,2025-11-19 19:42:48.261,
AVGO,2025-11-14,342.459991455,350.432856968,352.230332438,308de2bb86b5e89c43ef57a4006159fd,2025-11-19 19:42:48.261,2025-11-19 19:42:48.261,
NVDA,2025-03-03,114.03515625,,,90f3c4051c1f27080538dafcf281fad7,2025-11-19 19:42:48.261,2025-11-19 19:42:48.261,
NVDA,2025-03-04,115.964736938,,,87433d1fd7ae85f4194cbd2c111b73ce,2025-11-19 19:42:48.261,2025-11-19 19:42:48.261,
NVDA,2025-03-05,117.274452209,,,528ac7eab435a7b8baeaf8bce3cb095b,2025-11-19 19:42:48.261,2025-11-19 19:42:48.261,
NVDA,2025-03-06,110.545921326,,,26bf830325d1bb57a0e50c257a16ac61,2025-11-19 19:42:48.261,2025-11-19 19:42:48.261,
NVDA,2025-03-07,112.665458679,,,d949438215a824efad266502f88211e9,2025-11-19 19:42:48.261,2025-11-19 19:42:48.261,
NVDA,2025-03-10,106.956695557,,,77dd4dadb2c30f450822f044a94c95dc,2025-11-19 19:42:48.261,2025-11-19 19:42:48.261,
NVDA,2025-03-11,108.736312866,112.311247689,,4f1bc2984cf9708e88b9f2763b51e37b,2025-11-19 19:42:48.261,2025-11-19 19:42:48.261,
NVDA,2025-03-12,115.725440979,112.552716936,,62d903b8badcfabe521be001a97ba124,2025-11-19 19:42:48.261,2025-11-19 19:42:48.261,
NVDA,2025-03-13,115.565460205,112.495677403,,6e21205481625709feda33305c515f02,2025-11-19 19:42:48.261,2025-11-19 19:42:48.261,
NVDA,2025-03-14,121.654693604,113.121426174,,92341332366e28e4f751ac9410e25920,2025-11-19 19:42:48.261,2025-11-19 19:42:48.261,
NVDA,2025-03-17,119.514961243,114.40271759,,8849201d8411ba6d28f39c7e88efa431,2025-11-19 19:42:48.261,2025-11-19 19:42:48.261,
NVDA,2025-03-18,115.415473938,114.795576913,,d8840615f8d59b5178dd4165e3dacbc2,2025-11-19 19:42:48.261,2025-11-19 19:42:48.261,
NVDA,2025-03-19,117.505210876,116.302507673,,f5504163f41fd3e97143ab017855d918,2025-11-19 19:42:48.261,2025-11-19 19:42:48.261,
NVDA,2025-03-20,118.515083313,117.69947488,,348f3a2a3d454798e902c0e977206316,2025-11-19 19:42:48.261,2025-11-19 19:42:48.261,
NVDA,2025-03-21,117.685188293,117.979438782,,c8bae3a3b98707deb122b7c1bb58047d,2025-11-19 19:42:48.261,2025-11-19 19:42:48.261,
NVDA,2025-03-24,121.394729614,118.812191554,,4550cf3f05632044e7ec9734abf41bb3,2025-11-19 19:42:48.261,2025-11-19 19:42:48.261,
NVDA,2025-03-25,120.674819946,118.672209603,,ce3570b0c88905b8275228ec2d6e500c,2025-11-19 19:42:48.261,2025-11-19 19:42:48.261,
NVDA,2025-03-26,113.745689392,117.848027911,,09c2bb2eaf04ff01570128aaa147eee7,2025-11-19 19:42:48.261,2025-11-19 19:42:48.261,
NVDA,2025-03-27,111.415985107,117.276672363,,f448849a807dfa3c8fee301508799b9a,2025-11-19 19:42:48.261,2025-11-19 19:42:48.261,
NVDA,2025-03-28,109.656204224,116.155385699,,11e91dc9dfb0e00cb59e5781767d95f1,2025-11-19 19:42:48.261,2025-11-19 19:42:48.261,
NVDA,2025-03-31,108.366363525,114.705568586,,95268a77691b6f67857529e145735895,2025-11-19 19:42:48.261,2025-11-19 19:42:48.261,
NVDA,2025-04-01,110.136138916,113.627132961,,ed7c86e1fd55a29c3c23ef9d8104a915,2025-11-19 19:42:48.261,2025-11-19 19:42:48.261,
NVDA,2025-04-02,110.406105042,112.05732945,,11afdca39fc50588e8a86a53da4f39b3,2025-11-19 19:42:48.261,2025-11-19 19:42:48.261,
NVDA,2025-04-03,101.787193298,109.359097072,,7863acce4325174322af962b96427434,2025-11-19 19:42:48.261,2025-11-19 19:42:48.261,
NVDA,2025-04-04,94.29813385,106.580874852,,cfe39d9b20c1c19b26d64497fe69e643,2025-11-19 19:42:48.261,2025-11-19 19:42:48.261,
NVDA,2025-04-07,97.627708435,104.611121041,,18fa5a77f0e4fe7c5b14e98a80477ce9,2025-11-19 19:42:48.261,2025-11-19 19:42:48.261,
NVDA,2025-04-08,96.287887573,102.70136152,,4a2b5ff63b626e5e7d217dc9b64817db,2025-11-19 19:42:48.261,2025-11-19 19:42:48.261,
NVDA,2025-04-09,114.315612793,103.551254272,,d752687107d457e62819bdc38a3bf5ac,2025-11-19 19:42:48.261,2025-11-19 19:42:48.261,
NVDA,2025-04-10,107.556465149,103.182729449,,3f509dcb8cc27b4d9a30ef759bb1e1f6,2025-11-19 19:42:48.261,2025-11-19 19:42:48.261,
NVDA,2025-04-11,110.916038513,103.255577087,111.878177389,e3f1836955ec85f70bc9689459e13f3b,2025-11-19 19:42:48.261,2025-11-19 19:42:48.261,
NVDA,2025-04-14,110.69606781,104.528273446,111.766874441,0c780c20aecaf814f05c03c864c5c1b0,2025-11-19 19:42:48.261,2025-11-19 19:42:48.261,
NVDA,2025-04-15,112.185882568,107.08366612,111.640912628,b5573dbe933ec32fc85a523873a20d4b,2025-11-19 19:42:48.261,2025-11-19 19:42:48.261,
NVDA,2025-04-16,104.476852417,108.062115261,111.214325968,d4747a01b352339bb75fa279f4c646ab,2025-11-19 19:42:48.261,2025-11-19 19:42:48.261,
NVDA,2025-04-17,101.477226257,108.803449358,110.912036133,73d760cb2d00dcb0fb84f0de262ae4ed,2025-11-19 19:42:48.261,2025-11-19 19:42:48.261,
NVDA,2025-04-21,96.89781189,106.315192086,110.386447906,322cac1f740cd2cddf357855066f099e,2025-11-19 19:42:48.261,2025-11-19 19:42:48.261,
NVDA,2025-04-22,98.877555847,105.0753479,110.11714325,22708c03ae3c5ab75946e000ebb51566,2025-11-19 19:42:48.261,2025-11-19 19:42:48.261,
NVDA,2025-04-23,102.69707489,103.90121024,109.915835317,e68ccaa7adfd0f56070f408033d19d4d,2025-11-19 19:42:48.261,2025-11-19 19:42:48.261,
NVDA,2025-04-24,106.416603088,103.289858137,109.605540721,0c843cfc766fc5eed128753db347529c,2025-11-19 19:42:48.261,2025-11-19 19:42:48.261,
NVDA,2025-04-25,110.996040344,103.119880676,109.453226725,5f6ea9933a4e37fad5100ad83d54e70e,2025-11-19 19:42:48.261,2025-11-19 19:42:48.261,
NVDA,2025-04-28,108.716316223,103.725518363,109.021947479,56a5b496fe75db0e564c63e0dba1c440,2025-11-19 19:42:48.261,2025-11-19 19:42:48.261,
NVDA,2025-04-29,109.006278992,104.801097325,108.671658071,7397731422ea46fe6d2ab9b7e1c34cd7,2025-11-19 19:42:48.261,2025-11-19 19:42:48.261,
NVDA,2025-04-30,108.906295776,106.516595023,108.454685465,daf7135e28b0bd3b9852312e97ce0d50,2025-11-19 19:42:48.261,2025-11-19 19:42:48.261,
NVDA,2025-05-01,111.595954895,108.333509173,108.257710266,3195f7c2f8d3d34833c3121d32316891,2025-11-19 19:42:48.261,2025-11-19 19:42:48.261,
NVDA,2025-05-02,114.485595703,110.017583575,108.123394012,ea7c0ed9710d1b544997a86527763fd9,2025-11-19 19:42:48.261,2025-11-19 19:42:48.261,
NVDA,2025-05-05,113.805679321,111.073165894,107.994077047,85bc450c1e7173d60b80911e3d5f1dd9,2025-11-19 19:42:48.261,2025-11-19 19:42:48.261,
NVDA,2025-05-06,113.525718689,111.434548514,107.731776683,3cffa78af0edd22fd68d62e4c42f190f,2025-11-19 19:42:48.261,2025-11-19 19:42:48.261,
NVDA,2025-05-07,117.045272827,112.624399458,107.610791779,26ac46701bf7f0046814209d38bb76a1,2025-11-19 19:42:48.261,2025-11-19 19:42:48.261,
NVDA,2025-05-08,117.355239868,113.817108154,107.731110128,117c685b099283014f1d5c72485465f3,2025-11-19 19:42:48.261,2025-11-19 19:42:48.261,
NVDA,2025-05-09,116.635322571,114.921254839,107.905088043,2413d9d542c8813481450107277c54c8,2025-11-19 19:42:48.261,2025-11-19 19:42:48.261,
NVDA,2025-05-12,122.984527588,116.548193795,108.349365489,0d580e9ec03ec581407669e08c1e48c4,2025-11-19 19:42:48.261,2025-11-19 19:42:48.261,
NVDA,2025-05-13,129.913650513,118.752201625,109.067608388,49f1b3bcf26a38af73edf98c738ac3cb,2025-11-19 19:42:48.261,2025-11-19 19:42:48.261,
NVDA,2025-05-14,135.322967529,121.826099941,109.907169342,01b87c68791963c32a21797a61ff5285,2025-11-19 19:42:48.261,2025-11-19 19:42:48.261,
NVDA,2025-05-15,134.813034058,124.867144993,110.720733643,9154ebff1d5f86dec0fa01f4201a71e3,2025-11-19 19:42:48.261,2025-11-19 19:42:48.261,
NVDA,2025-05-16,135.382965088,127.486815316,111.840592702,23e4b55106f235185822da92389b5e9e,2025-11-19 19:42:48.261,2025-11-19 19:42:48.261,
NVDA,2025-05-19,135.552947998,130.086487906,113.215753174,9c3c46619a6f9b6ea5a4478bffba9fbb,2025-11-19 19:42:48.261,2025-11-19 19:42:48.261,
NVDA,2025-05-20,134.363082886,132.619025094,114.440265656,6c2ca2d63ba2f767f205d1ae71495d70,2025-11-19 19:42:48.261,2025-11-19 19:42:48.261,
NVDA,2025-05-21,131.783416748,133.87600926,115.623449961,a48a0712e748055970cae41b52a75461,2025-11-19 19:42:48.261,2025-11-19 19:42:48.261,
NVDA,2025-05-22,132.813293457,134.290243966,116.240039317,17204bbf8c192d5e786717fda47764c8,2025-11-19 19:42:48.261,2025-11-19 19:42:48.261,
NVDA,2025-05-23,131.273483276,133.711746216,117.030606588,86ae06f15e6aa3de839c74b3a6b31695,2025-11-19 19:42:48.261,2025-11-19 19:42:48.261,
NVDA,2025-05-27,135.482940674,133.807447161,117.849503326,f0661930f907118f3edc2eb100b6f4ad,2025-11-19 19:42:48.261,2025-11-19 19:42:48.261,
NVDA,2025-05-28,134.793045044,133.723172869,118.652735901,346762ebc39e7b0f3a7a7b2fb9327608,2025-11-19 19:42:48.261,2025-11-19 19:42:48.261,
NVDA,2025-05-29,139.17250061,134.240251814,119.552289836,9702c220043aea8420bb4a8e2eb80c8c,2025-11-19 19:42:48.261,2025-11-19 19:42:48.261,
NVDA,2025-05-30,135.113006592,134.347383772,120.573494975,30f4968da7b76c9626802933a3391545,2025-11-19 19:42:48.261,2025-11-19 19:42:48.261,
NVDA,2025-06-02,137.362716675,135.144426618,121.769677989,c3bb18c5a6540f4cf2a13455f8e418d2,2025-11-19 19:42:48.261,2025-11-19 19:42:48.261,
NVDA,2025-06-03,141.202224731,136.342845372,123.24649175,f266d1d870feeb7b965c25ca115a2d0d,2025-11-19 19:42:48.261,2025-11-19 19:42:48.261,
NVDA,2025-06-04,141.902145386,137.861225673,124.680644735,ae68b599c15fbf57e1906df3dca490cb,2025-11-19 19:42:48.261,2025-11-19 19:42:48.261,
NVDA,2025-06-05,139.972396851,138.502576556,125.923155467,2e99e5da4667bcc8a998906ae3cd71ad,2025-11-19 19:42:48.261,2025-11-19 19:42:48.261,
NVDA,2025-06-06,141.702163696,139.489593506,127.09934082,bb9c643f4d802f5757c644304211af6e,2025-11-19 19:42:48.261,2025-11-19 19:42:48.261,
NVDA,2025-06-09,142.612060547,139.980959211,128.15320816,1cf43391898e5e7df89bc3697f270a52,2025-11-19 19:42:48.261,2025-11-19 19:42:48.261,
NVDA,2025-06-10,143.941894531,141.242228917,129.327394104,c5e45cf8f43ba89a5ae5a468dba05e28,2025-11-19 19:42:48.261,2025-11-19 19:42:48.261,
NVDA,2025-06-11,142.82194519,142.022118705,130.454582977,4e70f7269332a2bb0b4036d48db40571,2025-11-19 19:42:48.261,2025-11-19 19:42:48.261,
NVDA,2025-06-12,144.991821289,142.563489641,131.657433828,4f4702a910087bad597f98549a3727d8,2025-11-19 19:42:48.261,2025-11-19 19:42:48.261,
NVDA,2025-06-13,141.961990356,142.572038923,132.66963501,46191e80cb348f322c6f964fcc4c181f,2025-11-19 19:42:48.261,2025-11-19 19:42:48.261,
NVDA,2025-06-16,144.681838989,143.244816371,133.676176453,620282341a71d752cd023308acd55246,2025-11-19 19:42:48.261,2025-11-19 19:42:48.261,
NVDA,2025-06-17,144.111862183,143.589059012,134.686382548,dff709e1a14e82cbbcb5919978839387,2025-11-19 19:42:48.261,2025-11-19 19:42:48.261,
NVDA,2025-06-18,145.471786499,143.997591291,135.751251475,1b7aadb6a87b59e9db3a9a9e3a4bf296,2025-11-19 19:42:48.261,2025-11-19 19:42:48.261,
NVDA,2025-06-20,143.841888428,143.983304705,136.644471995,2da294a2505f75a0c09902f4805241dd,2025-11-19 19:42:48.261,2025-11-19 19:42:48.261,
NVDA,2025-06-23,144.161865234,144.174721854,137.538026174,99ae69244f93889f20f4212b70c95eef,2025-11-19 19:42:48.261,2025-11-19 19:42:48.261,
NVDA,2025-06-24,147.891647339,144.588982718,138.579903666,b3e9a439145bc93b212867928dc16120,2025-11-19 19:42:48.261,2025-11-19 19:42:48.261,
NVDA,2025-06-25,154.301300049,146.351741246,139.623796082,3212acd89c6acf33264a45c0a3e25f5f,2025-11-19 19:42:48.261,2025-11-19 19:42:48.261,
NVDA,2025-06-26,155.011260986,147.82737296,140.460383097,e487498ee864b4443c812bca86927109,2025-11-19 19:42:48.261,2025-11-19 19:42:48.261,
NVDA,2025-06-27,157.741104126,149.774407523,141.207654317,709382a03b8b19da469a16bf4a0f9730,2025-11-19 19:42:48.261,2025-11-19 19:42:48.261,
NVDA,2025-06-30,157.98109436,151.561451503,141.979922994,42814ad418f51779ef1e6a4f529bddb9,2025-11-19 19:42:48.261,2025-11-19 19:42:48.261,
NVDA,2025-07-01,153.291366577,152.911376953,142.57686971,6369c48b4ac9fba4201bc1e13b55fc3c,2025-11-19 19:42:48.261,2025-11-19 19:42:48.261,
NVDA,2025-07-02,157.241134644,154.779844012,143.299809265,32c1e41d7bc53e7d21b76f886c827d41,2025-11-19 19:42:48.261,2025-11-19 19:42:48.261,
NVDA,2025-07-03,159.331008911,156.414038522,144.132073466,a9eade55977592ece4514da3fd508136,2025-11-19 19:42:48.261,2025-11-19 19:42:48.261,
NVDA,2025-07-07,158.231079102,156.975435529,145.013662211,418817686907e2c25ffcc93ccd774a58,2025-11-19 19:42:48.261,2025-11-19 19:42:48.261,
NVDA,2025-07-08,159.990982056,157.686824254,145.919585164,94670b993e4193b458f54299d03cdf19,2025-11-19 19:42:48.261,2025-11-19 19:42:48.261,
NVDA,2025-07-09,162.870819092,158.419640677,146.972829692,d75cf906bf4255cc9c629e6e142114ce,2025-11-19 19:42:48.261,2025-11-19 19:42:48.261,
NVDA,2025-07-10,164.090759277,159.292449951,147.926423645,74a97b1fc70c3caf6bc114fff7a00d59,2025-11-19 19:42:48.261,2025-11-19 19:42:48.261,
NVDA,2025-07-11,164.910705566,160.952355521,148.930345662,2d4519d09314ba349990238831fb7cb0,2025-11-19 19:42:48.261,2025-11-19 19:42:48.261,
NVDA,2025-07-14,164.060760498,161.926587786,149.759954325,81507a6367b1c9c7162ff4bce528610c,2025-11-19 19:42:48.261,2025-11-19 19:42:48.261,
NVDA,2025-07-15,170.690368652,163.549353463,150.945866394,7895b46e4a218164899e766355c40c6f,2025-11-19 19:42:48.261,2025-11-19 19:42:48.261,
NVDA,2025-07-16,171.360336304,165.424961635,152.079120382,3772acee6106035fe6a39ee6bee46ded,2025-11-19 19:42:48.261,2025-11-19 19:42:48.261,
NVDA,2025-07-17,172.990249634,167.28199986,153.138721212,fb87c2fae36e08c81565ca3523543296,2025-11-19 19:42:48.261,2025-11-19 19:42:48.261,
NVDA,2025-07-18,172.400283813,168.643351964,154.155325826,d7d7e7576c2673fe5c9889c594144cf1,2025-11-19 19:42:48.261,2025-11-19 19:42:48.261,
NVDA,2025-07-21,171.370346069,169.683292934,155.201924133,d419386050ec5fbf1b9283cd29a43561,2025-11-19 19:42:48.261,2025-11-19 19:42:48.261,
NVDA,2025-07-22,167.020584106,169.984704154,156.04587148,0cd147d9b9d8f4110ed9c2942754094c,2025-11-19 19:42:48.261,2025-11-19 19:42:48.261,
NVDA,2025-07-23,170.770370483,170.943219866,156.984481812,aca18e82df4d25072f56a707526db314,2025-11-19 19:42:48.261,2025-11-19 19:42:48.261,
NVDA,2025-07-24,173.730209351,171.377482823,157.977425639,ffbf914efb17cd9558d7cfee42cbc06d,2025-11-19 19:42:48.261,2025-11-19 19:42:48.261,
NVDA,2025-07-25,173.490219116,171.681751796,158.999701436,149cedbf85926f908bbc4f587a805a33,2025-11-19 19:42:48.261,2025-11-19 19:42:48.261,
NVDA,2025-07-28,176.740036011,172.217435564,160.05797526,8f89b58adc22445c2023a6882c5e0949,2025-11-19 19:42:48.261,2025-11-19 19:42:48.261,
NVDA,2025-07-29,175.500091553,172.660265241,161.175911967,8e5c6811df8181b1db69c350f9737d77,2025-11-19 19:42:48.261,2025-11-19 19:42:48.261,
NVDA,2025-07-30,179.259902954,173.787344796,162.328514099,9879232fab39f7ab2ee2388edab31e17,2025-11-19 19:42:48.261,2025-11-19 19:42:48.261,
NVDA,2025-07-31,177.859970093,175.335828509,163.453451029,37281410c396f299c47ecea4745173e7,2025-11-19 19:42:48.261,2025-11-19 19:42:48.261,
NVDA,2025-08-01,173.710205078,175.755804879,164.394731649,e5a35101d64c0ba629ddcfc7553fc6b5,2025-11-19 19:42:48.261,2025-11-19 19:42:48.261,
NVDA,2025-08-04,179.989852905,176.650039673,165.599663798,b2b748b58839c163937257c2119aeb53,2025-11-19 19:42:48.261,2025-11-19 19:42:48.261,
NVDA,2025-08-05,178.249938965,177.329999651,166.735932922,42d64dfb8867ba281e826575fa13c8fd,2025-11-19 19:42:48.261,2025-11-19 19:42:48.261,
NVDA,2025-08-06,179.409881592,177.711406163,167.786540731,45e4413e5dab005740291e46d8be08fc,2025-11-19 19:42:48.261,2025-11-19 19:42:48.261,
NVDA,2025-08-07,180.759811401,178.462794713,168.668491109,4f55e93e8110a41c868d35d0556a567c,2025-11-19 19:42:48.261,2025-11-19 19:42:48.261,
NVDA,2025-08-08,182.689697266,178.952765329,169.591105652,1a98e9577993b85751d1538ecaaaa2ca,2025-11-19 19:42:48.261,2025-11-19 19:42:48.261,
NVDA,2025-08-11,182.049728394,179.551302229,170.401393127,14943b212f65364575544c79dcce0e05,2025-11-19 19:42:48.261,2025-11-19 19:42:48.261,
NVDA,2025-08-12,183.149673462,180.899797712,171.240345764,975699e3b0286abcc3c542da9c81441c,2025-11-19 19:42:48.261,2025-11-19 19:42:48.261,
NVDA,2025-08-13,181.57975769,181.126926967,172.183292135,25e29e3fc882593930ac7a2e340563e8,2025-11-19 19:42:48.261,2025-11-19 19:42:48.261,
NVDA,2025-08-14,182.009735107,181.664040702,173.00891215,df293af482beabc2049dc3a5597e21f0,2025-11-19 19:42:48.261,2025-11-19 19:42:48.261,
NVDA,2025-08-15,180.439819336,181.811174665,173.712539164,2ab7143b62da4483bbe570b29e7be734,2025-11-19 19:42:48.261,2025-11-19 19:42:48.261,
NVDA,2025-08-18,181.999725342,181.988305228,174.504827372,ee487be7a6c57eebb186a6061e7d2664,2025-11-19 19:42:48.261,2025-11-19 19:42:48.261,
NVDA,2025-08-19,175.630096436,180.979790824,175.026131185,dd385b342ba53d66427937fef253d930,2025-11-19 19:42:48.261,2025-11-19 19:42:48.261,
NVDA,2025-08-20,175.390106201,180.028416225,175.443440755,bc005e46ae88fac3532cc524f59fd27f,2025-11-19 19:42:48.261,2025-11-19 19:42:48.261,
NVDA,2025-08-21,174.970123291,178.859909058,175.806086222,66c35f2135524e5ca463fd49718e9545,2025-11-19 19:42:48.261,2025-11-19 19:42:48.261,
NVDA,2025-08-22,177.97996521,178.345652989,176.24172821,f9e715b94f60bd6d427b9c7d2dc2a169,2025-11-19 19:42:48.261,2025-11-19 19:42:48.261,
NVDA,2025-08-25,179.799865723,178.029957363,176.766365051,51c1b7531eb3c14247bac6cf227b0e1a,2025-11-19 19:42:48.261,2025-11-19 19:42:48.261,
NVDA,2025-08-26,181.759750366,178.218518938,177.135344442,5d8e622624eab2a66ccfcf69ace1e99e,2025-11-19 19:42:48.261,2025-11-19 19:42:48.261,
NVDA,2025-08-27,181.589767456,178.159953526,177.47632548,fd9f55e581ce2731430ed8667da65d57,2025-11-19 19:42:48.261,2025-11-19 19:42:48.261,
NVDA,2025-08-28,180.159835815,178.807059152,177.715311686,02c5f9c971ef775094ef2a224631154a,2025-11-19 19:42:48.261,2025-11-19 19:42:48.261,
NVDA,2025-08-29,174.170166016,178.632781982,177.77430776,bd643bd645902c159219a779bf641a63,2025-11-19 19:42:48.261,2025-11-19 19:42:48.261,
NVDA,2025-09-02,170.770370483,178.032817296,177.754308573,98e000c17955fb6ca90c4f4ef7c4b0af,2025-11-19 19:42:48.261,2025-11-19 19:42:48.261,
NVDA,2025-09-03,170.61038208,176.980019706,177.873968506,133ab3db9b262efde1697adf6076dbb4,2025-11-19 19:42:48.261,2025-11-19 19:42:48.261,
NVDA,2025-09-04,171.65032959,175.815800258,177.903300476,cee0d09cd086f3f08aaec58f3af875a4,2025-11-19 19:42:48.261,2025-11-19 19:42:48.261,
NVDA,2025-09-05,167.0105896,173.708777291,177.679313151,96ed16f5f93ab2219b323a16300c5593,2025-11-19 19:42:48.261,2025-11-19 19:42:48.261,
NVDA,2025-09-08,168.300506592,171.810311454,177.506322734,7ac505d2c4423acb917a950a83299dcc,2025-11-19 19:42:48.261,2025-11-19 19:42:48.261,
NVDA,2025-09-09,170.750366211,170.46610151,177.306667074,8fd9dc03655322bde4175ff07462febc,2025-11-19 19:42:48.261,2025-11-19 19:42:48.261,
NVDA,2025-09-10,177.320007324,170.91607884,177.367330933,b37a1772ec6e75e86ecdcb34157c966e,2025-11-19 19:42:48.261,2025-11-19 19:42:48.261,
NVDA,2025-09-11,177.169998169,171.830311366,177.29766744,2d11811b0f7445f57795f44a0e24d064,2025-11-19 19:42:48.261,2025-11-19 19:42:48.261,
NVDA,2025-09-12,177.820007324,172.86025783,177.296335347,644cb8fe66a23608a00f9532b8eaccf5,2025-11-19 19:42:48.261,2025-11-19 19:42:48.261,
NVDA,2025-09-15,177.75,173.731639317,177.430995178,1ff529aadd471e51e1dd35375b409511,2025-11-19 19:42:48.261,2025-11-19 19:42:48.261,
NVDA,2025-09-16,174.880004883,174.8558415,177.260666911,eccaf221f9e516633aebf383dcf4f4f8,2025-11-19 19:42:48.261,2025-11-19 19:42:48.261,
NVDA,2025-09-17,170.289993286,175.140053885,176.995335388,d11e39127f801fe3b6992662f7e3bad3,2025-11-19 19:42:48.261,2025-11-19 19:42:48.261,
NVDA,2025-09-18,176.240005493,175.924288068,176.889672852,3d6141e21f91fd0fb04e702709d92bc2,2025-11-19 19:42:48.261,2025-11-19 19:42:48.261,
NVDA,2025-09-19,176.669998169,175.831429618,176.753345744,4f0f280846600cbe454fac27f4747151,2025-11-19 19:42:48.261,2025-11-19 19:42:48.261,
NVDA,2025-09-22,183.61000061,176.751429967,176.784022522,8a965719ffe6b098b9b70ac2092a51df,2025-11-19 19:42:48.261,2025-11-19 19:42:48.261,
NVDA,2025-09-23,178.429992676,176.838570731,176.663364665,93ea2ac5dc1c40a81ba5c4719744d604,2025-11-19 19:42:48.261,2025-11-19 19:42:48.261,
NVDA,2025-09-24,176.970001221,176.727142334,176.45737559,179c8eb8de7750138c27a00ef1d66297,2025-11-19 19:42:48.261,2025-11-19 19:42:48.261,
NVDA,2025-09-25,177.690002441,177.128570557,176.327717082,897fff5435b6ff091de47e2384223b89,2025-11-19 19:42:48.261,2025-11-19 19:42:48.261,
NVDA,2025-09-26,178.190002441,178.257143293,176.20039266,544781ce09d01b12aa059a8288b70b88,2025-11-19 19:42:48.261,2025-11-19 19:42:48.261,
NVDA,2025-09-29,181.850006104,179.058571952,176.247398885,53be607b8527394b52cdd0d8ed891e31,2025-11-19 19:42:48.261,2025-11-19 19:42:48.261,
NVDA,2025-09-30,186.580001831,180.474286761,176.400074768,51905c6adcfb5745a81da7f23535dce6,2025-11-19 19:42:48.261,2025-11-19 19:42:48.261,
NVDA,2025-10-01,187.240005493,180.992858887,176.787071737,63a6049858ebc193be935058ed67e39d,2025-11-19 19:42:48.261,2025-11-19 19:42:48.261,
NVDA,2025-10-02,188.88999939,182.48714556,177.237068176,b4d28a54d0dd32a17d4bdd61130a6ca6,2025-11-19 19:42:48.261,2025-11-19 19:42:48.261,
NVDA,2025-10-03,187.619995117,184.00857326,177.65873057,274bf349c1b7069ef0e503122e6891df,2025-11-19 19:42:48.261,2025-11-19 19:42:48.261,
NVDA,2025-10-06,185.539993286,185.130000523,177.910731506,548d8ae76ccfb09add6f6ebceff02669,2025-11-19 19:42:48.261,2025-11-19 19:42:48.261,
NVDA,2025-10-07,185.039993286,186.108570644,178.085402425,0ad8c9989bc69f67cfae388ea1fa2bac,2025-11-19 19:42:48.261,2025-11-19 19:42:48.261,
NVDA,2025-10-08,189.11000061,187.145712716,178.330410767,30e7ded7355c5552ed31d33e2a89da8b,2025-11-19 19:42:48.261,2025-11-19 19:42:48.261,
NVDA,2025-10-09,192.570007324,188.001427787,178.696418762,6134718e404ab54b98a331cc2ac637e6,2025-11-19 19:42:48.261,2025-11-19 19:42:48.261,
NVDA,2025-10-10,183.160003662,187.418570382,178.796424357,1344ecd0cfd203e6a233cb50a94b3f16,2025-11-19 19:42:48.261,2025-11-19 19:42:48.261,
NVDA,2025-10-13,188.320007324,187.337142944,179.268085734,1ec74159395208e2dd94d15922d71c89,2025-11-19 19:42:48.261,2025-11-19 19:42:48.261,
NVDA,2025-10-14,180.029998779,186.252857753,179.576740011,874d5dea4f3fc8f42afea4d9ad3b9bdd,2025-11-19 19:42:48.261,2025-11-19 19:42:48.261,
NVDA,2025-10-15,179.830001831,185.437144688,179.884060669,504b8d371f0629b86062d8f2bb87d86f,2025-11-19 19:42:48.261,2025-11-19 19:42:48.261,
NVDA,2025-10-16,181.809997559,184.975716727,180.222716268,7b5d7dbacabee9a3b13c658697475cc8,2025-11-19 19:42:48.261,2025-11-19 19:42:48.261,
NVDA,2025-10-17,183.220001221,184.134288243,180.763029989,d8fb33ff10a34767897a79622dbc9823,2025-11-19 19:42:48.261,2025-11-19 19:42:48.261,
NVDA,2025-10-20,182.63999939,182.715715681,181.241013082,004545750a5cbee8f583e09665fb2188,2025-11-19 19:42:48.261,2025-11-19 19:42:48.261,
NVDA,2025-10-21,181.160003662,182.430001395,181.588000997,0b2a2c205832e48bf4eb003f0a3ae21f,2025-11-19 19:42:48.261,2025-11-19 19:42:48.261,
NVDA,2025-10-22,180.279998779,181.281428746,181.686667379,ca96ed3e8a94d4fbdc1918825119e36b,2025-11-19 19:42:48.261,2025-11-19 19:42:48.261,
NVDA,2025-10-23,182.160003662,181.585715158,181.853000895,f6bf6c2475b5a74f96923ddd7540ecd9,2025-11-19 19:42:48.261,2025-11-19 19:42:48.261,
NVDA,2025-10-24,186.259994507,182.50428554,182.134333801,67a74bc8c5b9fd15c06be566f86e6094,2025-11-19 19:42:48.261,2025-11-19 19:42:48.261,
NVDA,2025-10-27,191.490005493,183.887143816,182.592333984,afa0aaed2ec0c0bd81261573cc515b17,2025-11-19 19:42:48.261,2025-11-19 19:42:48.261,
NVDA,2025-10-28,201.029998779,186.431429182,183.464000448,c69cbe43c760916d39d9703f084b8836,2025-11-19 19:42:48.261,2025-11-19 19:42:48.261,
NVDA,2025-10-29,207.039993286,189.917142596,184.689000448,9ad3fc5553066a3a5114051c8fd84d5e,2025-11-19 19:42:48.261,2025-11-19 19:42:48.261,
NVDA,2025-10-30,202.88999939,193.021427699,185.577333577,e4224d8017c3fe7f0451a30af2cc4c2b,2025-11-19 19:42:48.261,2025-11-19 19:42:48.261,
NVDA,2025-10-31,202.490005493,196.194285801,186.438000488,a88f3bb8be6796ae46cc6bf25da7d5ef,2025-11-19 19:42:48.261,2025-11-19 19:42:48.261,
NVDA,2025-11-03,206.880004883,199.725714547,187.213667297,0bad367e1464efd6d65b604061c83d50,2025-11-19 19:42:48.261,2025-11-19 19:42:48.261,
NVDA,2025-11-04,198.690002441,201.501429967,187.889000956,001d63d375c55bbb400972f2102a5cf5,2025-11-19 19:42:48.261,2025-11-19 19:42:48.261,
NVDA,2025-11-05,195.210006714,202.032858712,188.497001139,3369bdec883b52d1f6eb0c2c6e761dfe,2025-11-19 19:42:48.261,2025-11-19 19:42:48.261,
NVDA,2025-11-06,188.080001831,200.182859148,188.843334452,8f2cc365f44c21fc1a06213f11552285,2025-11-19 19:42:48.261,2025-11-19 19:42:48.261,
NVDA,2025-11-07,188.149993896,197.484287807,189.175334167,cb8a39b008c6b7a694032038a7d90556,2025-11-19 19:42:48.261,2025-11-19 19:42:48.261,
NVDA,2025-11-10,199.050003052,196.935716902,189.748667399,6c666a1754cef6ec3c1045c49f52aa06,2025-11-19 19:42:48.261,2025-11-19 19:42:48.261,
NVDA,2025-11-11,193.160003662,195.602859497,189.968000793,cfafbb9450f8e2553740ba4e3b787a5e,2025-11-19 19:42:48.261,2025-11-19 19:42:48.261,
NVDA,2025-11-12,193.800003052,193.734287807,190.186667379,f90363a416befbdcbaf45f2e918626f4,2025-11-19 19:42:48.261,2025-11-19 19:42:48.261,
NVDA,2025-11-13,186.86000061,192.044287545,190.119000753,c338949e84e53ec429a50ee82dce4b65,2025-11-19 19:42:48.261,2025-11-19 19:42:48.261,
NVDA,2025-11-14,190.169998169,191.324286325,190.204000854,6513846b773ca09b102938497c43868a,2025-11-19 19:42:48.261,2025-11-19 19:42:48.261,
